id,conversation_id,created_at,date,time,timezone,user_id,username,name,place,tweet,mentions,urls,photos,replies_count,retweets_count,likes_count,hashtags,cashtags,link,retweet,quote_url,video,near,geo,source,user_rt_id,user_rt,retweet_id,reply_to,retweet_date,translate,trans_src,trans_dest
1255919653076885504,1255919653076885504,1588269553000,2020-04-30,23:29:13,India Standard Time,18839785,narendramodi,Narendra Modi,,"Chaired a meeting to discuss ways to boost India’s defence and aerospace sector, with a focus on being self-reliant, boosting R&D, innovation and embracing latest technology. http://nm-4.com/ytd9 ",[],['http://nm-4.com/ytd9'],[],1489,5450,44224,[],[],https://twitter.com/narendramodi/status/1255919653076885504,False,,0,,,,,,,"[{'user_id': '18839785', 'username': 'narendramodi'}]",,"Chaired a meeting to discuss ways to boost India’s defence and aerospace sector, with a focus on being self-reliant, boosting R&D, innovation and embracing latest technology. http://nm-4.com/ytd9 ",en,en
1255900671032692737,1255900671032692737,1588265028000,2020-04-30,22:13:48,India Standard Time,18839785,narendramodi,Narendra Modi,,"Moments like this fill the heart with happiness. 

This is the spirit of India.

We will courageously fight COVID-19.

We will remain eternally proud of those working on the frontline. https://twitter.com/deepak_bjp/status/1255728478973902848 …",[],['https://twitter.com/deepak_bjp/status/1255728478973902848'],[],3255,15146,98118,[],[],https://twitter.com/narendramodi/status/1255900671032692737,False,https://twitter.com/deepak_bjp/status/1255728478973902848,0,,,,,,,"[{'user_id': '18839785', 'username': 'narendramodi'}]",,"Moments like this fill the heart with happiness. 

This is the spirit of India.

We will courageously fight COVID-19.

We will remain eternally proud of those working on the frontline. https://twitter.com/deepak_bjp/status/1255728478973902848 …",en,en
1255892466441441280,1255892466441441280,1588263072000,2020-04-30,21:41:12,India Standard Time,18839785,narendramodi,Narendra Modi,,"Had an extensive meeting to discuss reforms in the Mines and Coal sectors. Reviewed ways to ensure abundant supply, upscaling exploration, attracting investment, modern technology and keeping the focus on transparency. http://nm-4.com/std9 ",[],['http://nm-4.com/std9'],[],1122,5125,40810,[],[],https://twitter.com/narendramodi/status/1255892466441441280,False,,0,,,,,,,"[{'user_id': '18839785', 'username': 'narendramodi'}]",,"Had an extensive meeting to discuss reforms in the Mines and Coal sectors. Reviewed ways to ensure abundant supply, upscaling exploration, attracting investment, modern technology and keeping the focus on transparency. http://nm-4.com/std9 ",en,en
1255838680972840960,1255838680972840960,1588250248000,2020-04-30,18:07:28,India Standard Time,18839785,narendramodi,Narendra Modi,,"Chaired a high-level meeting to discuss ways to boost investment, both international and domestic. Issues relating to India’s reform trajectory were also discussed so that growth can be accelerated. http://nm-4.com/ftd9 ",[],['http://nm-4.com/ftd9'],[],1919,6268,47567,[],[],https://twitter.com/narendramodi/status/1255838680972840960,False,,0,,,,,,,"[{'user_id': '18839785', 'username': 'narendramodi'}]",,"Chaired a high-level meeting to discuss ways to boost investment, both international and domestic. Issues relating to India’s reform trajectory were also discussed so that growth can be accelerated. http://nm-4.com/ftd9 ",en,en
1255797259486154752,1255797259486154752,1588240372000,2020-04-30,15:22:52,India Standard Time,18839785,narendramodi,Narendra Modi,,Had a good discussion with State Counsellor Daw Aung San Suu Kyi. We discussed the evolving COVID 19 scenario and agreed to work together to address the challenges in the spirit of our excellent bilateral ties and India's neighbourhood first policy.,[],[],[],1499,6250,68281,[],[],https://twitter.com/narendramodi/status/1255797259486154752,False,,0,,,,,,,"[{'user_id': '18839785', 'username': 'narendramodi'}]",,Had a good discussion with State Counsellor Daw Aung San Suu Kyi. We discussed the evolving COVID 19 scenario and agreed to work together to address the challenges in the spirit of our excellent bilateral ties and India's neighbourhood first policy.,en,en
1255733640299835392,1255733640299835392,1588225204000,2020-04-30,11:10:04,India Standard Time,18839785,narendramodi,Narendra Modi,,"Multifaceted, endearing and lively...this was Rishi Kapoor Ji. He was a powerhouse of talent. I will always recall our interactions, even on social media. He was passionate about films and India’s progress. Anguished by his demise. Condolences to his family and fans. Om Shanti.",[],[],[],6644,24900,227849,[],[],https://twitter.com/narendramodi/status/1255733640299835392,False,,0,,,,,,,"[{'user_id': '18839785', 'username': 'narendramodi'}]",,"Multifaceted, endearing and lively...this was Rishi Kapoor Ji. He was a powerhouse of talent. I will always recall our interactions, even on social media. He was passionate about films and India’s progress. Anguished by his demise. Condolences to his family and fans. Om Shanti.",en,en
1255510768382021632,1255510768382021632,1588172068000,2020-04-29,20:24:28,India Standard Time,18839785,narendramodi,Narendra Modi,,भारत को अपने अन्नदाताओं पर गर्व है। पूरे देश का पेट भरने वाले अपने किसान भाइयों और बहनों के हितों को सुनिश्चित करने के लिए सरकार प्रतिबद्ध है और लगातार कदम उठा रही है। https://www.youtube.com/watch?v=GfAL99A7RVM …,[],['https://www.youtube.com/watch?v=GfAL99A7RVM'],[],4149,10831,89398,[],[],https://twitter.com/narendramodi/status/1255510768382021632,False,,0,,,,,,,"[{'user_id': '18839785', 'username': 'narendramodi'}]",,India is proud of its donors. The government is committed and is continuously taking steps to ensure the interests of its farmer brothers and sisters who feed the entire country. https://www.youtube.com/watch?v=GfAL99A7RVM…,hi,en
1255510156445659136,1255510156445659136,1588171922000,2020-04-29,20:22:02,India Standard Time,18839785,narendramodi,Narendra Modi,,"A musical tribute, for each and every person fearlessly battling COVID-19. https://twitter.com/ITBP_official/status/1255401435694596096 …",[],['https://twitter.com/ITBP_official/status/1255401435694596096'],[],1156,8024,48094,[],[],https://twitter.com/narendramodi/status/1255510156445659136,False,https://twitter.com/ITBP_official/status/1255401435694596096,0,,,,,,,"[{'user_id': '18839785', 'username': 'narendramodi'}]",,"A musical tribute, for each and every person fearlessly battling COVID-19. https://twitter.com/ITBP_official/status/1255401435694596096 …",en,en
1255502763376680967,1255502763376680967,1588170159000,2020-04-29,19:52:39,India Standard Time,18839785,narendramodi,Narendra Modi,,Spoke to PM Sheikh Hasina to greet her & the people of Bangladesh on the Holy Month of Ramzan. We discussed COVID-19 situation & ways India and Bangladesh can collaborate in the fight against it. Our relationship with Bangladesh will continue to be one of our highest priorities.,[],[],[],1554,7037,76833,[],[],https://twitter.com/narendramodi/status/1255502763376680967,False,,0,,,,,,,"[{'user_id': '18839785', 'username': 'narendramodi'}]",,Spoke to PM Sheikh Hasina to greet her & the people of Bangladesh on the Holy Month of Ramzan. We discussed COVID-19 situation & ways India and Bangladesh can collaborate in the fight against it. Our relationship with Bangladesh will continue to be one of our highest priorities.,en,en
1255417621295570948,1255417621295570948,1588149860000,2020-04-29,14:14:20,India Standard Time,18839785,narendramodi,Narendra Modi,,"Irrfan Khan’s demise is a loss to the world of cinema and theatre. He will be remembered for his versatile performances across different mediums. My thoughts are with his family, friends and admirers. May his soul rest in peace.",[],[],[],9312,46247,368771,[],[],https://twitter.com/narendramodi/status/1255417621295570948,False,,0,,,,,,,"[{'user_id': '18839785', 'username': 'narendramodi'}]",,"Irrfan Khan’s demise is a loss to the world of cinema and theatre. He will be remembered for his versatile performances across different mediums. My thoughts are with his family, friends and admirers. May his soul rest in peace.",en,en
1255155284588158979,1255155284588158979,1588087314000,2020-04-28,20:51:54,India Standard Time,18839785,narendramodi,Narendra Modi,,Had a warm exchange with PM @JustinTrudeau. Thanked him for looking after Indian citizens in Canada in these difficult times. Collaboration and partnership between India and Canada is vital to fighting the pandemic including through medical research and supply chain management.,['justintrudeau'],[],[],2815,9151,88508,[],[],https://twitter.com/narendramodi/status/1255155284588158979,False,,0,,,,,,,"[{'user_id': '18839785', 'username': 'narendramodi'}, {'user_id': '14260960', 'username': 'JustinTrudeau'}]",,Had a warm exchange with PM @JustinTrudeau. Thanked him for looking after Indian citizens in Canada in these difficult times. Collaboration and partnership between India and Canada is vital to fighting the pandemic including through medical research and supply chain management.,en,en
1255130270077865984,1255130270077865984,1588081350000,2020-04-28,19:12:30,India Standard Time,18839785,narendramodi,Narendra Modi,,Excellent effort by @CNNnews18. They have wonderfully covered different aspects that will contribute to India’s fight against COVID-19. https://twitter.com/CNNnews18/status/1255027391644291074 …,['cnnnews18'],['https://twitter.com/CNNnews18/status/1255027391644291074'],[],1048,4033,28083,[],[],https://twitter.com/narendramodi/status/1255130270077865984,False,https://twitter.com/CNNnews18/status/1255027391644291074,0,,,,,,,"[{'user_id': '18839785', 'username': 'narendramodi'}, {'user_id': '6509832', 'username': 'CNNnews18'}]",,Excellent effort by @CNNnews18. They have wonderfully covered different aspects that will contribute to India’s fight against COVID-19. https://twitter.com/CNNnews18/status/1255027391644291074 …,en,en
1255063898899636225,1255063898899636225,1588065526000,2020-04-28,14:48:46,India Standard Time,18839785,narendramodi,Narendra Modi,,"Discussed COVID-19 pandemic with good friend President @Jokowi. As close maritime neighbours and Compreshensive Strategic Partners, close cooperation between India and Indonesia will be important to deal with the health and economic challenges posed by this crisis.",['jokowi'],[],[],1921,5976,52605,[],[],https://twitter.com/narendramodi/status/1255063898899636225,False,,0,,,,,,,"[{'user_id': '18839785', 'username': 'narendramodi'}, {'user_id': '366987179', 'username': 'jokowi'}]",,"Discussed COVID-19 pandemic with good friend President @Jokowi. As close maritime neighbours and Compreshensive Strategic Partners, close cooperation between India and Indonesia will be important to deal with the health and economic challenges posed by this crisis.",en,en
1254832480189702144,1254832480189702144,1588010351000,2020-04-27,23:29:11,India Standard Time,18839785,narendramodi,Narendra Modi,,Please thank Swetha for this creative and affectionate gesture. Her valuable wishes are a source of immense strength. https://twitter.com/OmTheReality/status/1254699232620998657 …,[],['https://twitter.com/OmTheReality/status/1254699232620998657'],[],2228,8261,75357,[],[],https://twitter.com/narendramodi/status/1254832480189702144,False,https://twitter.com/OmTheReality/status/1254699232620998657,0,,,,,,,"[{'user_id': '18839785', 'username': 'narendramodi'}]",,Please thank Swetha for this creative and affectionate gesture. Her valuable wishes are a source of immense strength. https://twitter.com/OmTheReality/status/1254699232620998657 …,en,en
1254790442882760704,1254790442882760704,1588000329000,2020-04-27,20:42:09,India Standard Time,18839785,narendramodi,Narendra Modi,,"Good gesture by the @DelhiPolice.

Our Gurudwaras have been doing exceptional work in serving people. Their compassion is appreciable. https://twitter.com/mssirsa/status/1254707754004029440 …",['delhipolice'],['https://twitter.com/mssirsa/status/1254707754004029440'],[],1898,10231,66316,[],[],https://twitter.com/narendramodi/status/1254790442882760704,False,https://twitter.com/mssirsa/status/1254707754004029440,0,,,,,,,"[{'user_id': '18839785', 'username': 'narendramodi'}, {'user_id': '1850705408', 'username': 'DelhiPolice'}]",,"Good gesture by the @DelhiPolice.

Our Gurudwaras have been doing exceptional work in serving people. Their compassion is appreciable. https://twitter.com/mssirsa/status/1254707754004029440 …",en,en
1254742160131321857,1254742160131321857,1587988817000,2020-04-27,17:30:17,India Standard Time,18839785,narendramodi,Narendra Modi,,"Today was the 4th interaction with CMs. We continued discussions on COVID-19 containing strategy as well as aspects relating to increased usage of technology, reforms and more. http://nm-4.com/1md9 ",[],['http://nm-4.com/1md9'],[],4219,7370,62148,[],[],https://twitter.com/narendramodi/status/1254742160131321857,False,,0,,,,,,,"[{'user_id': '18839785', 'username': 'narendramodi'}]",,"Today was the 4th interaction with CMs. We continued discussions on COVID-19 containing strategy as well as aspects relating to increased usage of technology, reforms and more. http://nm-4.com/1md9 ",en,en
1254441735393964034,1254441735393964034,1587917190000,2020-04-26,21:36:30,India Standard Time,18839785,narendramodi,Narendra Modi,,Shared my thoughts about the rich and noble ideals of Lord Basavanna in the video conference - Global Basava Jayanthi – 2020. https://youtu.be/Q-3eTUePcjI ,[],['https://youtu.be/Q-3eTUePcjI'],[],1789,5273,41949,[],[],https://twitter.com/narendramodi/status/1254441735393964034,False,,0,,,,,,,"[{'user_id': '18839785', 'username': 'narendramodi'}]",,Shared my thoughts about the rich and noble ideals of Lord Basavanna in the video conference - Global Basava Jayanthi – 2020. https://youtu.be/Q-3eTUePcjI ,en,en
1254401438135943169,1254401438135943169,1587907583000,2020-04-26,18:56:23,India Standard Time,18839785,narendramodi,Narendra Modi,,"समस्त देशवासियों को परशुराम जयंती की हार्दिक बधाई। तप, बल और साहस के प्रतीक भगवान परशुराम के आदर्श युगों-युगों तक लोगों को प्रेरित करते रहेंगे।",[],[],[],9822,20669,197581,[],[],https://twitter.com/narendramodi/status/1254401438135943169,False,,0,,,,,,,"[{'user_id': '18839785', 'username': 'narendramodi'}]",,"Heartiest congratulations to all countrymen on Parashuram Jayanti. The symbols of tenacity, strength and courage will continue to inspire people for the ideal ages of ages.",hi,en
1254350773124620289,1254350773124620289,1587895503000,2020-04-26,15:35:03,India Standard Time,18839785,narendramodi,Narendra Modi,,"प्रकृति, विकृति और संस्कृति, इन शब्दों के पीछे के भाव को देखें तो जीवन को समझने का एक नया द्वार खुलता है। 

भारत ने प्रकृति, विकृति की सोच से परे अपनी संस्कृति के अनुरूप फैसला लिया। 

हमने देश की जरूरतों के साथ ही दुनियाभर से आ रही मानवता की रक्षा की पुकार को भी ध्यान में रखा। pic.twitter.com/IEdxBfkbAS",[],[],[],2426,6274,41172,[],[],https://twitter.com/narendramodi/status/1254350773124620289,False,,1,,,,,,,"[{'user_id': '18839785', 'username': 'narendramodi'}]",,"If we look at the nature behind these words, nature, pathology and culture opens a new door to understand life.

India decided to conform to its culture beyond thinking of nature, distortion.

We kept in mind the needs of the country as well as the call to protect humanity coming from all over the world. pic.twitter.com/IEdxBfkbAS",hi,en
1254350581373612033,1254350581373612033,1587895457000,2020-04-26,15:34:17,India Standard Time,18839785,narendramodi,Narendra Modi,,"India cherishes the role of all those working on the frontline, protecting people and saving lives. 

The Epidemic Diseases (Amendment) Ordinance, 2020 has been hailed by people of all sections of society. #MannKiBaat pic.twitter.com/lnqKmGFk4r",[],[],[],693,3036,17711,['#mannkibaat'],[],https://twitter.com/narendramodi/status/1254350581373612033,False,,1,,,,,,,"[{'user_id': '18839785', 'username': 'narendramodi'}]",,"India cherishes the role of all those working on the frontline, protecting people and saving lives. 

The Epidemic Diseases (Amendment) Ordinance, 2020 has been hailed by people of all sections of society. #MannKiBaat pic.twitter.com/lnqKmGFk4r",en,en
1254350381263417345,1254350381263417345,1587895410000,2020-04-26,15:33:30,India Standard Time,18839785,narendramodi,Narendra Modi,,Let’s further popularise our traditional systems that can improve immunity as well as health. #MannKiBaat pic.twitter.com/GSgi1R3N7I,[],[],[],809,4545,24209,['#mannkibaat'],[],https://twitter.com/narendramodi/status/1254350381263417345,False,,1,,,,,,,"[{'user_id': '18839785', 'username': 'narendramodi'}]",,Let’s further popularise our traditional systems that can improve immunity as well as health. #MannKiBaat pic.twitter.com/GSgi1R3N7I,en,en
1254350172164775942,1254350172164775942,1587895360000,2020-04-26,15:32:40,India Standard Time,18839785,narendramodi,Narendra Modi,,"Ramzan this year is taking place while we are in the midst of the battle against COVID-19. 

Let’s take the right precautions today so that the coming Id-Ul-Fitr can be marked in the same way as it has been done earlier. #MannKiBaat pic.twitter.com/gVtIHKrkuv",[],[],[],1461,4403,26195,['#mannkibaat'],[],https://twitter.com/narendramodi/status/1254350172164775942,False,,1,,,,,,,"[{'user_id': '18839785', 'username': 'narendramodi'}]",,"Ramzan this year is taking place while we are in the midst of the battle against COVID-19. 

Let’s take the right precautions today so that the coming Id-Ul-Fitr can be marked in the same way as it has been done earlier. #MannKiBaat pic.twitter.com/gVtIHKrkuv",en,en
1254349559100174336,1254349559100174336,1587895214000,2020-04-26,15:30:14,India Standard Time,18839785,narendramodi,Narendra Modi,,"Now there is:

Realisation on the need to wear masks, including homemade options. 

Awareness on the need to end spitting, especially in public places. #MannKiBaat pic.twitter.com/oKsnL3AU9P",[],[],[],606,2973,16748,['#mannkibaat'],[],https://twitter.com/narendramodi/status/1254349559100174336,False,,1,,,,,,,"[{'user_id': '18839785', 'username': 'narendramodi'}]",,"Now there is:

Realisation on the need to wear masks, including homemade options. 

Awareness on the need to end spitting, especially in public places. #MannKiBaat pic.twitter.com/oKsnL3AU9P",en,en
1254349349120696322,1254349349120696322,1587895164000,2020-04-26,15:29:24,India Standard Time,18839785,narendramodi,Narendra Modi,,"India’s fight against COVID-19 is people driven.

Proud of our 130 crore citizens who have risen to the occasion and are doing whatever they can to free our nation from the Coronavirus menace. #MannKiBaat pic.twitter.com/vvs1xD9T6w",[],[],[],603,2962,15917,['#mannkibaat'],[],https://twitter.com/narendramodi/status/1254349349120696322,False,,1,,,,,,,"[{'user_id': '18839785', 'username': 'narendramodi'}]",,"India’s fight against COVID-19 is people driven.

Proud of our 130 crore citizens who have risen to the occasion and are doing whatever they can to free our nation from the Coronavirus menace. #MannKiBaat pic.twitter.com/vvs1xD9T6w",en,en
1254349178794151941,1254349178794151941,1587895123000,2020-04-26,15:28:43,India Standard Time,18839785,narendramodi,Narendra Modi,,"आप सबको अक्षय तृतीया की हार्दिक शुभकामनाएं।आइए, हम मिलकर अपने प्रयासों से अपनी धरती को ‘अक्षय’ और ‘अविनाशी’ बनाने का संकल्प लें।

यह पर्व 'दान की शक्ति' का भी एक अवसर होता है। ऐसे में हमारा छोटा सा प्रयास भी लोगों के लिए बड़ा संबल बन सकता है। pic.twitter.com/St1DOBMgks",[],[],[],1760,6077,42414,[],[],https://twitter.com/narendramodi/status/1254349178794151941,False,,1,,,,,,,"[{'user_id': '18839785', 'username': 'narendramodi'}]",,"Wish you all a very happy Akshaya Tritiya. Come, let us resolve to make our planet 'Akshay' and 'Indestructible' by our efforts.

This festival is also an occasion for 'power of charity'. In such a situation, even our small efforts can become a big support for the people. pic.twitter.com/St1DOBMgks",hi,en
1254281589216825344,1254281589216825344,1587879008000,2020-04-26,11:00:08,India Standard Time,18839785,narendramodi,Narendra Modi,,Here is #MannKiBaat April 2020. https://www.pscp.tv/w/cXPCYDMyMjExNTJ8MU1ZeE5rUE5MTG5Ld6aA1mK44anlD52i9dv77VErMfLs4LrAQqD61efngGjq …,[],['https://www.pscp.tv/w/cXPCYDMyMjExNTJ8MU1ZeE5rUE5MTG5Ld6aA1mK44anlD52i9dv77VErMfLs4LrAQqD61efngGjq'],[],4088,11163,54886,['#mannkibaat'],[],https://twitter.com/narendramodi/status/1254281589216825344,False,,0,,,,,,,"[{'user_id': '18839785', 'username': 'narendramodi'}]",,Here is #MannKiBaat April 2020. https://www.pscp.tv/w/cXPCYDMyMjExNTJ8MU1ZeE5rUE5MTG5Ld6aA1mK44anlD52i9dv77VErMfLs4LrAQqD61efngGjq …,en,en
1254053311830822917,1254053311830822917,1587824583000,2020-04-25,19:53:03,India Standard Time,18839785,narendramodi,Narendra Modi,,Have been getting several insightful inputs for this month's #MannKiBaat. Do tune at 11 AM tomorrow. pic.twitter.com/bwPKfiXOYC,[],[],['https://pbs.twimg.com/media/EWdK0WZUcAAx6BY.jpg'],4114,7443,55290,['#mannkibaat'],[],https://twitter.com/narendramodi/status/1254053311830822917,False,,0,,,,,,,"[{'user_id': '18839785', 'username': 'narendramodi'}]",,Have been getting several insightful inputs for this month's #MannKiBaat. Do tune at 11 AM tomorrow. pic.twitter.com/bwPKfiXOYC,en,en
1254053163021168646,1254053163021168646,1587824547000,2020-04-25,19:52:27,India Standard Time,18839785,narendramodi,Narendra Modi,,"Commendable. 

Such efforts are important in the battle against COVID-19. https://twitter.com/ANI/status/1253817870993285120 …",[],['https://twitter.com/ANI/status/1253817870993285120'],[],1319,4740,40262,[],[],https://twitter.com/narendramodi/status/1254053163021168646,False,https://twitter.com/ANI/status/1253817870993285120,0,,,,,,,"[{'user_id': '18839785', 'username': 'narendramodi'}]",,"Commendable. 

Such efforts are important in the battle against COVID-19. https://twitter.com/ANI/status/1253817870993285120 …",en,en
1254053038559342594,1254053038559342594,1587824518000,2020-04-25,19:51:58,India Standard Time,18839785,narendramodi,Narendra Modi,,"Kudos to the @IndiaPostOffice Network, our hardworking postmen for their stupendous efforts in assisting people during this time. https://twitter.com/rsprasad/status/1253950131486863362 …",['indiapostoffice'],['https://twitter.com/rsprasad/status/1253950131486863362'],[],717,3727,25757,[],[],https://twitter.com/narendramodi/status/1254053038559342594,False,https://twitter.com/rsprasad/status/1253950131486863362,0,,,,,,,"[{'user_id': '18839785', 'username': 'narendramodi'}, {'user_id': '2579558348', 'username': 'IndiaPostOffice'}]",,"Kudos to the @IndiaPostOffice Network, our hardworking postmen for their stupendous efforts in assisting people during this time. https://twitter.com/rsprasad/status/1253950131486863362 …",en,en
1253695904764309504,1253695904764309504,1587739370000,2020-04-24,20:12:50,India Standard Time,18839785,narendramodi,Narendra Modi,,"Ramzan Mubarak! I pray for everyone’s safety, well-being and prosperity. May this Holy Month bring with it abundance of kindness, harmony and compassion. May we achieve a decisive victory in the ongoing battle against COVID-19 and create a healthier planet.",[],[],[],16146,25216,212619,[],[],https://twitter.com/narendramodi/status/1253695904764309504,False,,0,,,,,,,"[{'user_id': '18839785', 'username': 'narendramodi'}]",,"Ramzan Mubarak! I pray for everyone’s safety, well-being and prosperity. May this Holy Month bring with it abundance of kindness, harmony and compassion. May we achieve a decisive victory in the ongoing battle against COVID-19 and create a healthier planet.",en,en
1253673194747162632,1253673194747162632,1587733956000,2020-04-24,18:42:36,India Standard Time,18839785,narendramodi,Narendra Modi,,ग्रामीण भारत के लोगों को उनकी संपत्ति का मालिकाना हक दिलाने और उन्हें आर्थिक रूप से सशक्त बनाने के लिए आज सरकार ने स्वामित्व योजना का शुभारंभ किया। pic.twitter.com/ySE3mRD8kw,[],[],[],2454,9545,55435,[],[],https://twitter.com/narendramodi/status/1253673194747162632,False,,1,,,,,,,"[{'user_id': '18839785', 'username': 'narendramodi'}]",,"Today, the government launched the ownership scheme to empower the people of rural India to own their property and empower them financially. pic.twitter.com/ySE3mRD8kw",hi,en
1253673119098650624,1253673119098650624,1587733938000,2020-04-24,18:42:18,India Standard Time,18839785,narendramodi,Narendra Modi,,"देश की सभी पंचायतों के एकीकृत संचालन, उनके विकास कार्यों की प्रभावी देखरेख और समस्त जानकारियों को एक प्लेटफॉर्म पर लाने के लिए आज हमने e-GramSwaraj ऐप राष्ट्र को समर्पित किया है। pic.twitter.com/ARxxEWCelO",[],[],[],1265,6347,34704,[],[],https://twitter.com/narendramodi/status/1253673119098650624,False,,1,,,,,,,"[{'user_id': '18839785', 'username': 'narendramodi'}]",,"Today we have dedicated the e-GramSwaraj App to the nation for integrated operation of all panchayats of the country, effective supervision of their development work and bringing all the information on one platform. pic.twitter.com/ARxxEWCelO",hi,en
1253673022805831680,1253673022805831680,1587733915000,2020-04-24,18:41:55,India Standard Time,18839785,narendramodi,Narendra Modi,,Best wishes to Goa CM @DrPramodPSawant Ji on his birthday. May he be blessed with a long and healthy life in service of the people.,['drpramodpsawant'],[],[],946,4450,51937,[],[],https://twitter.com/narendramodi/status/1253673022805831680,False,,0,,,,,,,"[{'user_id': '18839785', 'username': 'narendramodi'}, {'user_id': '785783685937295360', 'username': 'DrPramodPSawant'}]",,Best wishes to Goa CM @DrPramodPSawant Ji on his birthday. May he be blessed with a long and healthy life in service of the people.,en,en
1253635536918507520,1253635536918507520,1587724978000,2020-04-24,16:12:58,India Standard Time,18839785,narendramodi,Narendra Modi,,Today’s discussion with Panchayat Sarpanchs was very insightful. They shared their strategies of fighting COVID-19. I salute all Sarpanchs for their hardwork and efforts in these extraordinary times. http://nm-4.com/0cd9 ,[],['http://nm-4.com/0cd9'],[],2381,7207,56972,[],[],https://twitter.com/narendramodi/status/1253635536918507520,False,,0,,,,,,,"[{'user_id': '18839785', 'username': 'narendramodi'}]",,Today’s discussion with Panchayat Sarpanchs was very insightful. They shared their strategies of fighting COVID-19. I salute all Sarpanchs for their hardwork and efforts in these extraordinary times. http://nm-4.com/0cd9 ,en,en
1253561062491688961,1253561062491688961,1587707221000,2020-04-24,11:17:01,India Standard Time,18839785,narendramodi,Narendra Modi,,Interacting with Sarpanchs across the country through Video-Conferencing on Panchayati Raj Divas. https://www.pscp.tv/w/cXEjVTMyMjExNTJ8MWVhS2JRdnJNUFl4WKVwm6zL-gOLYP6a2tuYLWdwE6jbhymIBMPd0QlASDm6 …,[],['https://www.pscp.tv/w/cXEjVTMyMjExNTJ8MWVhS2JRdnJNUFl4WKVwm6zL-gOLYP6a2tuYLWdwE6jbhymIBMPd0QlASDm6'],[],2952,10186,53168,[],[],https://twitter.com/narendramodi/status/1253561062491688961,False,,0,,,,,,,"[{'user_id': '18839785', 'username': 'narendramodi'}]",,Interacting with Sarpanchs across the country through Video-Conferencing on Panchayati Raj Divas. https://www.pscp.tv/w/cXEjVTMyMjExNTJ8MWVhS2JRdnJNUFl4WKVwm6zL-gOLYP6a2tuYLWdwE6jbhymIBMPd0QlASDm6 …,en,en
1253322155011403777,1253322155011403777,1587650262000,2020-04-23,19:27:42,India Standard Time,18839785,narendramodi,Narendra Modi,,Some of the steps taken to help the most vulnerable... https://twitter.com/FinMinIndia/status/1253216546689703937 …,[],['https://twitter.com/FinMinIndia/status/1253216546689703937'],[],2399,6458,44098,[],[],https://twitter.com/narendramodi/status/1253322155011403777,False,https://twitter.com/FinMinIndia/status/1253216546689703937,0,,,,,,,"[{'user_id': '18839785', 'username': 'narendramodi'}]",,Some of the steps taken to help the most vulnerable... https://twitter.com/FinMinIndia/status/1253216546689703937 …,en,en
1253304308398874624,1253304308398874624,1587646007000,2020-04-23,18:16:47,India Standard Time,18839785,narendramodi,Narendra Modi,,"Exchanged views on the COVID-19 pandemic with PM @leehsienloong, and thanked him for the support and care being extended to Indian citizens in Singapore. The India-Singapore strategic partnership can contribute to stability and prosperity in the post-COVID world.",['leehsienloong'],[],[],1871,7041,61040,[],[],https://twitter.com/narendramodi/status/1253304308398874624,False,,0,,,,,,,"[{'user_id': '18839785', 'username': 'narendramodi'}, {'user_id': '34568673', 'username': 'leehsienloong'}]",,"Exchanged views on the COVID-19 pandemic with PM @leehsienloong, and thanked him for the support and care being extended to Indian citizens in Singapore. The India-Singapore strategic partnership can contribute to stability and prosperity in the post-COVID world.",en,en
1253001422875979777,1253001417880563713,1587573793000,2020-04-22,22:13:13,India Standard Time,18839785,narendramodi,Narendra Modi,,"24 अप्रैल को इस वीडियो कॉन्फ्रेंसिंग के दौरान e-GramSwaraj पोर्टल और मोबाइल ऐप लॉन्च किया जाएगा। इसके साथ ही स्वामित्व योजना भी लॉन्च होगी, जिससे ग्रामीण क्षेत्रों में विकास के प्रयासों को गति मिलेगी।",[],[],[],1031,4109,29021,[],[],https://twitter.com/narendramodi/status/1253001422875979777,False,,0,,,,,,,"[{'user_id': '18839785', 'username': 'narendramodi'}]",,"The e-GramSwaraj portal and mobile app will be launched during this video conferencing on April 24. Along with this, the ownership plan will also be launched, which will give a boost to the development efforts in rural areas.",hi,en
1253001417880563713,1253001417880563713,1587573792000,2020-04-22,22:13:12,India Standard Time,18839785,narendramodi,Narendra Modi,,"24 अप्रैल, शुक्रवार को राष्ट्रीय पंचायती राज दिवस के अवसर पर वीडियो कॉन्फ्रेंसिंग के जरिए मैं देशभर के सरपंचों के साथ संवाद करूंगा। मुझे इस बातचीत की प्रतीक्षा रहेगी। http://nm-4.com/oad9 ",[],['http://nm-4.com/oad9'],[],3059,8279,65326,[],[],https://twitter.com/narendramodi/status/1253001417880563713,False,,0,,,,,,,"[{'user_id': '18839785', 'username': 'narendramodi'}]",,"I will communicate with sarpanches across the country through video conferencing on the occasion of National Panchayati Raj Day on Friday, 24 April. I look forward to this conversation. http://nm-4.com/oad9",hi,en
1252996153911595008,1252996151432732672,1587572537000,2020-04-22,21:52:17,India Standard Time,18839785,narendramodi,Narendra Modi,,"During the video conference on the 24th, the e-GramSwaraj Portal and Mobile App would be launched. The Swamitva Scheme would also be launched, which would add momentum to the efforts to alleviate poverty in rural areas.",[],[],[],487,2877,18658,[],[],https://twitter.com/narendramodi/status/1252996153911595008,False,,0,,,,,,,"[{'user_id': '18839785', 'username': 'narendramodi'}]",,"During the video conference on the 24th, the e-GramSwaraj Portal and Mobile App would be launched. The Swamitva Scheme would also be launched, which would add momentum to the efforts to alleviate poverty in rural areas.",en,en
1252996151432732672,1252996151432732672,1587572536000,2020-04-22,21:52:16,India Standard Time,18839785,narendramodi,Narendra Modi,,"On Friday 24th April, which is marked as National Panchayati Raj Day, will be interacting with Sarpanchs from across the nation via video conferencing. I look forward to this interaction. http://nm-4.com/oad9 ",[],['http://nm-4.com/oad9'],[],1232,5612,40209,[],[],https://twitter.com/narendramodi/status/1252996151432732672,False,,0,,,,,,,"[{'user_id': '18839785', 'username': 'narendramodi'}]",,"On Friday 24th April, which is marked as National Panchayati Raj Day, will be interacting with Sarpanchs from across the nation via video conferencing. I look forward to this interaction. http://nm-4.com/oad9 ",en,en
1252970481256300544,1252970481256300544,1587566416000,2020-04-22,20:10:16,India Standard Time,18839785,narendramodi,Narendra Modi,,"Well said @ajaydevgn.

Aarogya Setu protects us, our family and the nation. 

Download the App and strengthen the fight against COVID-19. https://twitter.com/ajaydevgn/status/1252931374094454784 …",['ajaydevgn'],['https://twitter.com/ajaydevgn/status/1252931374094454784'],[],1535,8787,61971,[],[],https://twitter.com/narendramodi/status/1252970481256300544,False,https://twitter.com/ajaydevgn/status/1252931374094454784,0,,,,,,,"[{'user_id': '18839785', 'username': 'narendramodi'}, {'user_id': '65659343', 'username': 'ajaydevgn'}]",,"Well said @ajaydevgn.

Aarogya Setu protects us, our family and the nation. 

Download the App and strengthen the fight against COVID-19. https://twitter.com/ajaydevgn/status/1252931374094454784 …",en,en
1252957142295838721,1252957142295838721,1587563236000,2020-04-22,19:17:16,India Standard Time,18839785,narendramodi,Narendra Modi,,"મારી આંખોમાં પૃથ્વીની જે  રમ્યતા અને ભવ્યતા છે એ વર્ષો પહેલા 
મેં શબ્દોમાં ઢાળી હતી...

આજ પૃથ્વી દિને તમે ફરી  
મારી આ કવિતા યાદ કરી...આભાર.  https://www.facebook.com/100003475082574/posts/2689326504526493?sfns=mo …",[],['https://www.facebook.com/100003475082574/posts/2689326504526493?sfns=mo'],[],1079,4410,32905,[],[],https://twitter.com/narendramodi/status/1252957142295838721,False,,0,,,,,,,"[{'user_id': '18839785', 'username': 'narendramodi'}]",,"The playfulness and grandeur of the earth in my eyes years ago
I was molded into words ...

Today is Earth Day
I remembered this poem ... thank you. https://www.facebook.com/100003475082574/posts/2689326504526493?sfns=mo",gu,en
1252949496448774149,1252949496448774149,1587561413000,2020-04-22,18:46:53,India Standard Time,18839785,narendramodi,Narendra Modi,,"India-Nepal relationship is special. Our bonds are not only strong but also deep-rooted. 

India stands in solidarity with people and the Government of Nepal to fight COVID-19 pandemic.
@kpsharmaoli https://twitter.com/kpsharmaoli/status/1252899086979592193 …",['kpsharmaoli'],['https://twitter.com/kpsharmaoli/status/1252899086979592193'],[],640,3919,26139,[],[],https://twitter.com/narendramodi/status/1252949496448774149,False,https://twitter.com/kpsharmaoli/status/1252899086979592193,0,,,,,,,"[{'user_id': '18839785', 'username': 'narendramodi'}, {'user_id': '2835736254', 'username': 'kpsharmaoli'}]",,"India-Nepal relationship is special. Our bonds are not only strong but also deep-rooted. 

India stands in solidarity with people and the Government of Nepal to fight COVID-19 pandemic.
@kpsharmaoli https://twitter.com/kpsharmaoli/status/1252899086979592193 …",en,en
1252949243578380288,1252949243578380288,1587561352000,2020-04-22,18:45:52,India Standard Time,18839785,narendramodi,Narendra Modi,,"Discussed COVID-19 pandemic with Ireland’s PM, Mr. @LeoVaradkar. India and Ireland share similar approaches on many global issues.  We will work together to further strengthen our partnership in health, science & technology, to jointly address challenges of the post-COVID world.",['leovaradkar'],[],[],814,4816,36326,[],[],https://twitter.com/narendramodi/status/1252949243578380288,False,,0,,,,,,,"[{'user_id': '18839785', 'username': 'narendramodi'}, {'user_id': '229466877', 'username': 'LeoVaradkar'}]",,"Discussed COVID-19 pandemic with Ireland’s PM, Mr. @LeoVaradkar. India and Ireland share similar approaches on many global issues.  We will work together to further strengthen our partnership in health, science & technology, to jointly address challenges of the post-COVID world.",en,en
1252935838473711618,1252935838473711618,1587558156000,2020-04-22,17:52:36,India Standard Time,18839785,narendramodi,Narendra Modi,,"The Epidemic Diseases (Amendment) Ordinance, 2020 manifests our commitment to protect each and every healthcare worker who is bravely battling COVID-19 on the frontline. 

It will ensure safety of our professionals. There can be no compromise on their safety!",[],[],[],5004,17291,110849,[],[],https://twitter.com/narendramodi/status/1252935838473711618,False,,0,,,,,,,"[{'user_id': '18839785', 'username': 'narendramodi'}]",,"The Epidemic Diseases (Amendment) Ordinance, 2020 manifests our commitment to protect each and every healthcare worker who is bravely battling COVID-19 on the frontline. 

It will ensure safety of our professionals. There can be no compromise on their safety!",en,en
1252800937581703169,1252800937581703169,1587525994000,2020-04-22,08:56:34,India Standard Time,18839785,narendramodi,Narendra Modi,,"On International Day of Mother Earth, we all express gratitude to our planet for the abundance of care & compassion. Let us pledge to work towards a cleaner, healthier & more prosperous planet. 

A shout out to all those working at the forefront to defeat COVID-19. #EarthDay2020",[],[],[],4509,15797,118497,['#earthday2020'],[],https://twitter.com/narendramodi/status/1252800937581703169,False,,0,,,,,,,"[{'user_id': '18839785', 'username': 'narendramodi'}]",,"On International Day of Mother Earth, we all express gratitude to our planet for the abundance of care & compassion. Let us pledge to work towards a cleaner, healthier & more prosperous planet. 

A shout out to all those working at the forefront to defeat COVID-19. #EarthDay2020",en,en
1252612802428059648,1252612802428059648,1587481139000,2020-04-21,20:28:59,India Standard Time,18839785,narendramodi,Narendra Modi,,This is an exceptional effort by our TV stars to strengthen India’s fight against COVID-19. Thank you to all those who have come together for this. https://twitter.com/JDMajethia/status/1252488507290824704 …,[],['https://twitter.com/JDMajethia/status/1252488507290824704'],[],968,3216,22979,[],[],https://twitter.com/narendramodi/status/1252612802428059648,False,https://twitter.com/JDMajethia/status/1252488507290824704,0,,,,,,,"[{'user_id': '18839785', 'username': 'narendramodi'}]",,This is an exceptional effort by our TV stars to strengthen India’s fight against COVID-19. Thank you to all those who have come together for this. https://twitter.com/JDMajethia/status/1252488507290824704 …,en,en
1252612450010054661,1252612450010054661,1587481055000,2020-04-21,20:27:35,India Standard Time,18839785,narendramodi,Narendra Modi,,आपकी भावनाएं देश के लिए अनमोल हैं @arjunbhatigolf। इस मुश्किल घड़ी में आपका यह सेवा भाव देशभर के लोगों को प्रेरित करने वाला है। https://twitter.com/arjunbhatigolf/status/1252470341554728960 …,['arjunbhatigolf'],['https://twitter.com/arjunbhatigolf/status/1252470341554728960'],[],1472,7976,62996,[],[],https://twitter.com/narendramodi/status/1252612450010054661,False,https://twitter.com/arjunbhatigolf/status/1252470341554728960,0,,,,,,,"[{'user_id': '18839785', 'username': 'narendramodi'}, {'user_id': '3152711137', 'username': 'arjunbhatigolf'}]",,"Your feelings are precious to the country @arjunbhatigolf. In this difficult time, this service of yours is going to inspire people across the country. https://twitter.com/arjunbhatigolf/status/1252470341554728960…",hi,en
1252612254639382529,1252612254639382529,1587481008000,2020-04-21,20:26:48,India Standard Time,18839785,narendramodi,Narendra Modi,,Wonderful effort by these talented Gujarati artistes. https://www.youtube.com/watch?v=qjpf9qAgU3s …,[],['https://www.youtube.com/watch?v=qjpf9qAgU3s'],[],1333,4406,34601,[],[],https://twitter.com/narendramodi/status/1252612254639382529,False,,0,,,,,,,"[{'user_id': '18839785', 'username': 'narendramodi'}]",,Wonderful effort by these talented Gujarati artistes. https://www.youtube.com/watch?v=qjpf9qAgU3s …,en,en
1252445250930348033,1252445248036298754,1587441191000,2020-04-21,09:23:11,India Standard Time,18839785,narendramodi,Narendra Modi,,"On Civil Services Day, tributes to the great Sardar Patel, who envisioned our administrative framework and emphasised on building a system that is progress-oriented and compassionate. 

Sharing my speech from Civil Services Day in 2018. https://www.youtube.com/watch?v=E5iHLAMAGoY&feature=emb_title …",[],['https://www.youtube.com/watch?v=E5iHLAMAGoY&feature=emb_title'],[],685,3928,28273,[],[],https://twitter.com/narendramodi/status/1252445250930348033,False,,0,,,,,,,"[{'user_id': '18839785', 'username': 'narendramodi'}]",,"On Civil Services Day, tributes to the great Sardar Patel, who envisioned our administrative framework and emphasised on building a system that is progress-oriented and compassionate. 

Sharing my speech from Civil Services Day in 2018. https://www.youtube.com/watch?v=E5iHLAMAGoY&feature=emb_title …",en,en
1252445248036298754,1252445248036298754,1587441191000,2020-04-21,09:23:11,India Standard Time,18839785,narendramodi,Narendra Modi,,"Today, on Civil Services Day I convey greetings to all Civil Servants and their families. 

I appreciate their efforts in ensuring India successfully defeats COVID-19. They are working round the clock, assisting those in need and ensuring everyone is healthy.",[],[],[],3431,11759,98374,[],[],https://twitter.com/narendramodi/status/1252445248036298754,False,,0,,,,,,,"[{'user_id': '18839785', 'username': 'narendramodi'}]",,"Today, on Civil Services Day I convey greetings to all Civil Servants and their families. 

I appreciate their efforts in ensuring India successfully defeats COVID-19. They are working round the clock, assisting those in need and ensuring everyone is healthy.",en,en
1252221624578801665,1252221624578801665,1587387875000,2020-04-20,18:34:35,India Standard Time,18839785,narendramodi,Narendra Modi,,"India and Afghanistan share a special friendship, based on ties of history, geography, and culture.  

For long, we have fought jointly against the scourge of terrorism.  We will similarly combat COVID-19 together, with solidarity and shared resolve. @ashrafghani https://twitter.com/ashrafghani/status/1252203477016678400 …",['ashrafghani'],['https://twitter.com/ashrafghani/status/1252203477016678400'],[],1774,6892,50819,[],[],https://twitter.com/narendramodi/status/1252221624578801665,False,https://twitter.com/ashrafghani/status/1252203477016678400,0,,,,,,,"[{'user_id': '18839785', 'username': 'narendramodi'}, {'user_id': '46376581', 'username': 'ashrafghani'}]",,"India and Afghanistan share a special friendship, based on ties of history, geography, and culture.  

For long, we have fought jointly against the scourge of terrorism.  We will similarly combat COVID-19 together, with solidarity and shared resolve. @ashrafghani https://twitter.com/ashrafghani/status/1252203477016678400 …",en,en
1252131908877578257,1252131907292155905,1587366485000,2020-04-20,12:38:05,India Standard Time,18839785,narendramodi,Narendra Modi,,The special bond between India and Maldives strengthens our resolve to fight this common enemy together.  India will stand by its close maritime neighbour and friend in this challenging time.,[],[],[],708,2544,18112,[],[],https://twitter.com/narendramodi/status/1252131908877578257,False,,0,,,,,,,"[{'user_id': '18839785', 'username': 'narendramodi'}]",,The special bond between India and Maldives strengthens our resolve to fight this common enemy together.  India will stand by its close maritime neighbour and friend in this challenging time.,en,en
1252131907292155905,1252131907292155905,1587366484000,2020-04-20,12:38:04,India Standard Time,18839785,narendramodi,Narendra Modi,,"Spoke on phone with H.E. President @ibusolih about the COVID-19 pandemic, and the health and economic challenges it poses for the Maldives.",['ibusolih'],[],[],1597,5300,50989,[],[],https://twitter.com/narendramodi/status/1252131907292155905,False,,0,,,,,,,"[{'user_id': '18839785', 'username': 'narendramodi'}, {'user_id': '531018157', 'username': 'ibusolih'}]",,"Spoke on phone with H.E. President @ibusolih about the COVID-19 pandemic, and the health and economic challenges it poses for the Maldives.",en,en
1251886273343696900,1251886273343696900,1587307921000,2020-04-19,20:22:01,India Standard Time,18839785,narendramodi,Narendra Modi,,Thank you President Tokayev @TokayevKZ for your warm words. India and Kazakhstan are strategic partners and cooperation and demonstration of solidarity during such challenging times further strengthens the bond of friendship between the two countries. https://twitter.com/TokayevKZ/status/1251564779233214470 …,['tokayevkz'],['https://twitter.com/TokayevKZ/status/1251564779233214470'],[],1210,4958,34247,[],[],https://twitter.com/narendramodi/status/1251886273343696900,False,https://twitter.com/TokayevKZ/status/1251564779233214470,0,,,,,,,"[{'user_id': '18839785', 'username': 'narendramodi'}, {'user_id': '331692146', 'username': 'TokayevKZ'}]",,Thank you President Tokayev @TokayevKZ for your warm words. India and Kazakhstan are strategic partners and cooperation and demonstration of solidarity during such challenging times further strengthens the bond of friendship between the two countries. https://twitter.com/TokayevKZ/status/1251564779233214470 …,en,en
1251879291572240384,1251879281363316736,1587306256000,2020-04-19,19:54:16,India Standard Time,18839785,narendramodi,Narendra Modi,,"भविष्य में भी दुकानें सोशल डिस्टेंसिंग का पालन करते हुए चलें, हमें यह सुनिश्चित करना है। संकट की घड़ी में इस योगदान के लिए सभी दुकानदार और व्यापारी बधाई के पात्र हैं।",[],[],[],2415,9534,65966,[],[],https://twitter.com/narendramodi/status/1251879291572240384,False,,0,,,,,,,"[{'user_id': '18839785', 'username': 'narendramodi'}]",,"In future also shops should follow social distancing, we have to ensure this. All shopkeepers and traders deserve congratulations for this contribution in the hour of crisis.",hi,en
1251879288523026434,1251879281363316736,1587306255000,2020-04-19,19:54:15,India Standard Time,18839785,narendramodi,Narendra Modi,,छोटे-छोटे दुकानदारों ने पूरी सामाजिक व्यवस्था को सुचारू बनाए रखने में महत्वपूर्ण योगदान दिया है। समाज और देश इनके इस योगदान को हमेशा याद रखेगा। मैं जानता हूं कि खुद सोशल डिस्टेंसिंग का पालन करना और दूसरों से इसका पालन करवाना चुनौतीपूर्ण है।,[],[],[],1732,9129,65084,[],[],https://twitter.com/narendramodi/status/1251879288523026434,False,,0,,,,,,,"[{'user_id': '18839785', 'username': 'narendramodi'}]",,Small shopkeepers have contributed significantly in maintaining the entire social system. The society and the country will always remember his contribution. I know that it is challenging to follow social distancing yourself and get others to follow it.,hi,en
1251879281363316736,1251879281363316736,1587306254000,2020-04-19,19:54:14,India Standard Time,18839785,narendramodi,Narendra Modi,,"इस संकट की घड़ी में देशवासी लॉकडाउन का पालन कर पा रहे हैं, इसमें समाज के अनेक वर्गों की सकारात्मक भूमिका है। हम कल्पना करें कि हमारे ये छोटे-छोटे व्यापारी और दुकानदार खुद के जीवन का रिस्क न लेते और रोजमर्रा की जरूरत का सामान न पहुंचाते तो क्या होता?",[],[],[],10134,20265,157012,[],[],https://twitter.com/narendramodi/status/1251879281363316736,False,,0,,,,,,,"[{'user_id': '18839785', 'username': 'narendramodi'}]",,"In this time of crisis, the countrymen are able to follow the lockdown, in which many sections of society have a positive role. Let us imagine what would happen if these small traders and shopkeepers did not take the risk of their own life and did not deliver the necessities of everyday life?",hi,en
1251835251300560896,1251835251300560896,1587295756000,2020-04-19,16:59:16,India Standard Time,18839785,narendramodi,Narendra Modi,,"As the world battles COVID-19, India’s energetic and innovative youth can show the way in ensuring healthier and prosperous future. 

Shared a few thoughts on @LinkedIn, which would interest youngsters and professionals. https://www.linkedin.com/pulse/life-era-covid-19-narendra-modi/?published=t …",['linkedin'],['https://www.linkedin.com/pulse/life-era-covid-19-narendra-modi/?published=t'],[],2471,7465,49623,[],[],https://twitter.com/narendramodi/status/1251835251300560896,False,,0,,,,,,,"[{'user_id': '18839785', 'username': 'narendramodi'}, {'user_id': '13058772', 'username': 'LinkedIn'}]",,"As the world battles COVID-19, India’s energetic and innovative youth can show the way in ensuring healthier and prosperous future. 

Shared a few thoughts on @LinkedIn, which would interest youngsters and professionals. https://www.linkedin.com/pulse/life-era-covid-19-narendra-modi/?published=t …",en,en
1251493027035533312,1251493027035533312,1587214163000,2020-04-18,18:19:23,India Standard Time,18839785,narendramodi,Narendra Modi,,"Among the most important tasks today- be a part of #TeamMaskForce. 

Small but essential precautions can keep us all safe. 

Important to spread awareness about it... https://twitter.com/BCCI/status/1251428302692048896 …",[],['https://twitter.com/BCCI/status/1251428302692048896'],[],2089,9198,57984,['#teammaskforce'],[],https://twitter.com/narendramodi/status/1251493027035533312,False,https://twitter.com/BCCI/status/1251428302692048896,0,,,,,,,"[{'user_id': '18839785', 'username': 'narendramodi'}]",,"Among the most important tasks today- be a part of #TeamMaskForce. 

Small but essential precautions can keep us all safe. 

Important to spread awareness about it... https://twitter.com/BCCI/status/1251428302692048896 …",en,en
1251492839243919362,1251492839243919362,1587214119000,2020-04-18,18:18:39,India Standard Time,18839785,narendramodi,Narendra Modi,,"There is no need to panic.

Please keep taking the proper precautions. Together, we all will certainly defeat the COVID-19 pandemic. https://twitter.com/irvpaswan/status/1251418987465867264 …",[],['https://twitter.com/irvpaswan/status/1251418987465867264'],[],2745,6947,51972,[],[],https://twitter.com/narendramodi/status/1251492839243919362,False,https://twitter.com/irvpaswan/status/1251418987465867264,0,,,,,,,"[{'user_id': '18839785', 'username': 'narendramodi'}]",,"There is no need to panic.

Please keep taking the proper precautions. Together, we all will certainly defeat the COVID-19 pandemic. https://twitter.com/irvpaswan/status/1251418987465867264 …",en,en
1251392405724704768,1251392405724704768,1587190173000,2020-04-18,11:39:33,India Standard Time,18839785,narendramodi,Narendra Modi,,"Kudos to all those working round the clock, across the nation, to ensure India’s energy needs are met. https://twitter.com/dpradhanbjp/status/1250795453806936065 …",[],['https://twitter.com/dpradhanbjp/status/1250795453806936065'],[],1214,4862,35418,[],[],https://twitter.com/narendramodi/status/1251392405724704768,False,https://twitter.com/dpradhanbjp/status/1250795453806936065,0,,,,,,,"[{'user_id': '18839785', 'username': 'narendramodi'}]",,"Kudos to all those working round the clock, across the nation, to ensure India’s energy needs are met. https://twitter.com/dpradhanbjp/status/1250795453806936065 …",en,en
1251392117064245248,1251392117064245248,1587190105000,2020-04-18,11:38:25,India Standard Time,18839785,narendramodi,Narendra Modi,,Committed to helping our dynamic small and medium businesses. https://twitter.com/IncomeTaxIndia/status/1251186732663336962 …,[],['https://twitter.com/IncomeTaxIndia/status/1251186732663336962'],[],1284,5234,35022,[],[],https://twitter.com/narendramodi/status/1251392117064245248,False,https://twitter.com/IncomeTaxIndia/status/1251186732663336962,0,,,,,,,"[{'user_id': '18839785', 'username': 'narendramodi'}]",,Committed to helping our dynamic small and medium businesses. https://twitter.com/IncomeTaxIndia/status/1251186732663336962 …,en,en
1251391940039520256,1251391940039520256,1587190062000,2020-04-18,11:37:42,India Standard Time,18839785,narendramodi,Narendra Modi,,Ensuring all possible assistance to those who need it. https://twitter.com/HardeepSPuri/status/1251032441923362816 …,[],['https://twitter.com/HardeepSPuri/status/1251032441923362816'],[],465,3136,20042,[],[],https://twitter.com/narendramodi/status/1251391940039520256,False,https://twitter.com/HardeepSPuri/status/1251032441923362816,0,,,,,,,"[{'user_id': '18839785', 'username': 'narendramodi'}]",,Ensuring all possible assistance to those who need it. https://twitter.com/HardeepSPuri/status/1251032441923362816 …,en,en
1251391771365556225,1251391771365556225,1587190022000,2020-04-18,11:37:02,India Standard Time,18839785,narendramodi,Narendra Modi,,"The world is fighting COVID-19 together. 

Humanity will surely overcome this pandemic. https://twitter.com/IndiainSwiss/status/1251284935740194819 …",[],['https://twitter.com/IndiainSwiss/status/1251284935740194819'],[],2071,12954,70095,[],[],https://twitter.com/narendramodi/status/1251391771365556225,False,https://twitter.com/IndiainSwiss/status/1251284935740194819,0,,,,,,,"[{'user_id': '18839785', 'username': 'narendramodi'}]",,"The world is fighting COVID-19 together. 

Humanity will surely overcome this pandemic. https://twitter.com/IndiainSwiss/status/1251284935740194819 …",en,en
1251391513847902210,1251391513847902210,1587189961000,2020-04-18,11:36:01,India Standard Time,18839785,narendramodi,Narendra Modi,,"Proud of the Indian Railways team. 

They’ve been continuously helping our citizens in this crucial hour. https://twitter.com/PiyushGoyal/status/1251371440076582913 …",[],['https://twitter.com/PiyushGoyal/status/1251371440076582913'],[],966,6006,39301,[],[],https://twitter.com/narendramodi/status/1251391513847902210,False,https://twitter.com/PiyushGoyal/status/1251371440076582913,0,,,,,,,"[{'user_id': '18839785', 'username': 'narendramodi'}]",,"Proud of the Indian Railways team. 

They’ve been continuously helping our citizens in this crucial hour. https://twitter.com/PiyushGoyal/status/1251371440076582913 …",en,en
1251162991996792838,1251162991996792838,1587135477000,2020-04-17,20:27:57,India Standard Time,18839785,narendramodi,Narendra Modi,,Discussed on phone with President Abdel Fattah El-Sisi @AlsisiOfficial about the COVID-19 situation in India and Egypt.  India will extend all possible support to Egypt’s efforts to control the spread of the virus and  its impact.,['alsisiofficial'],[],[],2185,6171,57761,[],[],https://twitter.com/narendramodi/status/1251162991996792838,False,,0,,,,,,,"[{'user_id': '18839785', 'username': 'narendramodi'}, {'user_id': '2419191913', 'username': 'AlsisiOfficial'}]",,Discussed on phone with President Abdel Fattah El-Sisi @AlsisiOfficial about the COVID-19 situation in India and Egypt.  India will extend all possible support to Egypt’s efforts to control the spread of the virus and  its impact.,en,en
1251160511154028545,1251160509333692416,1587134885000,2020-04-17,20:18:05,India Standard Time,18839785,narendramodi,Narendra Modi,,"South Africa is ably coordinating the African Union effort against the pandemic. As a long-standing friend of Africa, India stands ready to support this effort in every way.",[],[],[],409,2486,19849,[],[],https://twitter.com/narendramodi/status/1251160511154028545,False,,0,,,,,,,"[{'user_id': '18839785', 'username': 'narendramodi'}]",,"South Africa is ably coordinating the African Union effort against the pandemic. As a long-standing friend of Africa, India stands ready to support this effort in every way.",en,en
1251160509333692416,1251160509333692416,1587134885000,2020-04-17,20:18:05,India Standard Time,18839785,narendramodi,Narendra Modi,,"Had a good discussion with President @CyrilRamaphosa about the COVID-19 challenge, and assured India’s support to South Africa for maintaining essential medical supplies.",['cyrilramaphosa'],[],[],987,5371,47441,[],[],https://twitter.com/narendramodi/status/1251160509333692416,False,,0,,,,,,,"[{'user_id': '18839785', 'username': 'narendramodi'}, {'user_id': '2987156301', 'username': 'CyrilRamaphosa'}]",,"Had a good discussion with President @CyrilRamaphosa about the COVID-19 challenge, and assured India’s support to South Africa for maintaining essential medical supplies.",en,en
1251054144284065794,1251054144284065794,1587109526000,2020-04-17,13:15:26,India Standard Time,18839785,narendramodi,Narendra Modi,,"Today’s announcements by @RBI will greatly enhance liquidity and improve credit supply. These steps would help our small businesses, MSMEs, farmers and the poor. It will also help all states by increasing WMA limits.",['rbi'],[],[],4660,12353,105779,[],[],https://twitter.com/narendramodi/status/1251054144284065794,False,,0,,,,,,,"[{'user_id': '18839785', 'username': 'narendramodi'}, {'user_id': '478432912', 'username': 'RBI'}]",,"Today’s announcements by @RBI will greatly enhance liquidity and improve credit supply. These steps would help our small businesses, MSMEs, farmers and the poor. It will also help all states by increasing WMA limits.",en,en
1250833261346975744,1250833261346975744,1587056863000,2020-04-16,22:37:43,India Standard Time,18839785,narendramodi,Narendra Modi,,"Grateful to President Danny Faure for his kind words.  Seychelles is a valued member of our Indian Ocean family, and an important pillar in our vision of Security and Growth for All in the Region.  India will provide all possible support to Seychelles for fighting COVID-19. https://twitter.com/StateHouseSey/status/1250748869002113029 …",[],['https://twitter.com/StateHouseSey/status/1250748869002113029'],[],1020,3450,23320,[],[],https://twitter.com/narendramodi/status/1250833261346975744,False,https://twitter.com/StateHouseSey/status/1250748869002113029,0,,,,,,,"[{'user_id': '18839785', 'username': 'narendramodi'}]",,"Grateful to President Danny Faure for his kind words.  Seychelles is a valued member of our Indian Ocean family, and an important pillar in our vision of Security and Growth for All in the Region.  India will provide all possible support to Seychelles for fighting COVID-19. https://twitter.com/StateHouseSey/status/1250748869002113029 …",en,en
1250832517646610433,1250832517646610433,1587056686000,2020-04-16,22:34:46,India Standard Time,18839785,narendramodi,Narendra Modi,,"Thank you, Prime Minister @PKJugnauth for your warm words.  India and Mauritius are united by history, culture, language and the Indian Ocean.  We will always stand by each other, especially in challenging times like this. https://twitter.com/PKJugnauth/status/1250712441186639872 …",['pkjugnauth'],['https://twitter.com/PKJugnauth/status/1250712441186639872'],[],548,3710,26667,[],[],https://twitter.com/narendramodi/status/1250832517646610433,False,https://twitter.com/PKJugnauth/status/1250712441186639872,0,,,,,,,"[{'user_id': '18839785', 'username': 'narendramodi'}, {'user_id': '1178324167353147392', 'username': 'PKJugnauth'}]",,"Thank you, Prime Minister @PKJugnauth for your warm words.  India and Mauritius are united by history, culture, language and the Indian Ocean.  We will always stand by each other, especially in challenging times like this. https://twitter.com/PKJugnauth/status/1250712441186639872 …",en,en
1250832281112993792,1250832281112993792,1587056629000,2020-04-16,22:33:49,India Standard Time,18839785,narendramodi,Narendra Modi,,"Very creative! 

Bohag Bihu greetings to your family. https://twitter.com/Parishmita03/status/1250636232897425411 …",[],['https://twitter.com/Parishmita03/status/1250636232897425411'],[],1087,6229,51334,[],[],https://twitter.com/narendramodi/status/1250832281112993792,False,https://twitter.com/Parishmita03/status/1250636232897425411,0,,,,,,,"[{'user_id': '18839785', 'username': 'narendramodi'}]",,"Very creative! 

Bohag Bihu greetings to your family. https://twitter.com/Parishmita03/status/1250636232897425411 …",en,en
1250831879940366336,1250831879940366336,1587056534000,2020-04-16,22:32:14,India Standard Time,18839785,narendramodi,Narendra Modi,,Innovative way to share the message. https://twitter.com/sudarsansand/status/1250374757431664640 …,[],['https://twitter.com/sudarsansand/status/1250374757431664640'],[],579,4886,32472,[],[],https://twitter.com/narendramodi/status/1250831879940366336,False,https://twitter.com/sudarsansand/status/1250374757431664640,0,,,,,,,"[{'user_id': '18839785', 'username': 'narendramodi'}]",,Innovative way to share the message. https://twitter.com/sudarsansand/status/1250374757431664640 …,en,en
1250831715699814400,1250831715699814400,1587056495000,2020-04-16,22:31:35,India Standard Time,18839785,narendramodi,Narendra Modi,,"India is together in the fight against COVID-19.

Great gestures by the INOX Group, @oyorooms and the Central Chinmaya Mission Trust. Their contribution to PM-CARES will benefit several Indians.",['oyorooms'],[],[],1385,6484,59779,[],[],https://twitter.com/narendramodi/status/1250831715699814400,False,,0,,,,,,,"[{'user_id': '18839785', 'username': 'narendramodi'}, {'user_id': '1664721896', 'username': 'oyorooms'}]",,"India is together in the fight against COVID-19.

Great gestures by the INOX Group, @oyorooms and the Central Chinmaya Mission Trust. Their contribution to PM-CARES will benefit several Indians.",en,en
1250788832321998848,1250788832321998848,1587046270000,2020-04-16,19:41:10,India Standard Time,18839785,narendramodi,Narendra Modi,,Exchanged thoughts with @PMBhutan Dr. Lotay Tshering on the evolving COVID-19 situation in our region.  His Majesty The King and Lyonchhen are leading Bhutan's efforts admirably.  India will stand by our close friend and neighbour in fighting the effects of the pandemic.,['pmbhutan'],[],[],990,5189,42728,[],[],https://twitter.com/narendramodi/status/1250788832321998848,False,,0,,,,,,,"[{'user_id': '18839785', 'username': 'narendramodi'}, {'user_id': '2902507831', 'username': 'PMBhutan'}]",,Exchanged thoughts with @PMBhutan Dr. Lotay Tshering on the evolving COVID-19 situation in our region.  His Majesty The King and Lyonchhen are leading Bhutan's efforts admirably.  India will stand by our close friend and neighbour in fighting the effects of the pandemic.,en,en
1250788717570043906,1250788717570043906,1587046243000,2020-04-16,19:40:43,India Standard Time,18839785,narendramodi,Narendra Modi,,"Spoke with His Majesty @KingAbdullahII about the challenges posed by COVID-19.  We agreed that India and Jordan would collaborate closely during this crisis, to support each other in controlling the pandemic and its effects.",['kingabdullahii'],[],[],796,4947,43631,[],[],https://twitter.com/narendramodi/status/1250788717570043906,False,,0,,,,,,,"[{'user_id': '18839785', 'username': 'narendramodi'}, {'user_id': '841211876776259585', 'username': 'KingAbdullahII'}]",,"Spoke with His Majesty @KingAbdullahII about the challenges posed by COVID-19.  We agreed that India and Jordan would collaborate closely during this crisis, to support each other in controlling the pandemic and its effects.",en,en
1250687156017745920,1250687156017745920,1587022029000,2020-04-16,12:57:09,India Standard Time,18839785,narendramodi,Narendra Modi,,"Proud of youngsters like Saibaa and Saisha Gupta. They are raising awareness on defeating Coronavirus. 

Have a look at this video. pic.twitter.com/95iJ5D61wh",[],[],[],1814,7349,43312,[],[],https://twitter.com/narendramodi/status/1250687156017745920,False,,1,,,,,,,"[{'user_id': '18839785', 'username': 'narendramodi'}]",,"Proud of youngsters like Saibaa and Saisha Gupta. They are raising awareness on defeating Coronavirus. 

Have a look at this video. pic.twitter.com/95iJ5D61wh",en,en
1250686971246075904,1250686971246075904,1587021985000,2020-04-16,12:56:25,India Standard Time,18839785,narendramodi,Narendra Modi,,"This is a good step.

Organisations could play a vital role in popularising Aarogya Setu and ensuring more people download it. https://twitter.com/SAILsteel/status/1250282623584202759 …",[],['https://twitter.com/SAILsteel/status/1250282623584202759'],[],662,2958,19906,[],[],https://twitter.com/narendramodi/status/1250686971246075904,False,https://twitter.com/SAILsteel/status/1250282623584202759,0,,,,,,,"[{'user_id': '18839785', 'username': 'narendramodi'}]",,"This is a good step.

Organisations could play a vital role in popularising Aarogya Setu and ensuring more people download it. https://twitter.com/SAILsteel/status/1250282623584202759 …",en,en
1250686881576046592,1250686881576046592,1587021963000,2020-04-16,12:56:03,India Standard Time,18839785,narendramodi,Narendra Modi,,Proud of citizens like him! They are adding so much might in the battle against COVID-19. https://twitter.com/PBNS_India/status/1250338364697350146 …,[],['https://twitter.com/PBNS_India/status/1250338364697350146'],[],572,4564,33515,[],[],https://twitter.com/narendramodi/status/1250686881576046592,False,https://twitter.com/PBNS_India/status/1250338364697350146,0,,,,,,,"[{'user_id': '18839785', 'username': 'narendramodi'}]",,Proud of citizens like him! They are adding so much might in the battle against COVID-19. https://twitter.com/PBNS_India/status/1250338364697350146 …,en,en
1250686789813104641,1250686789813104641,1587021941000,2020-04-16,12:55:41,India Standard Time,18839785,narendramodi,Narendra Modi,,"Trust our Kabaddi players to know a thing or two about giving a good fight.

And here, they are telling you what will help in the fight against COVID-19. https://twitter.com/U_Mumba/status/1250349961566236674 …",[],['https://twitter.com/U_Mumba/status/1250349961566236674'],[],232,2075,14328,[],[],https://twitter.com/narendramodi/status/1250686789813104641,False,https://twitter.com/U_Mumba/status/1250349961566236674,0,,,,,,,"[{'user_id': '18839785', 'username': 'narendramodi'}]",,"Trust our Kabaddi players to know a thing or two about giving a good fight.

And here, they are telling you what will help in the fight against COVID-19. https://twitter.com/U_Mumba/status/1250349961566236674 …",en,en
1250686540298088449,1250686540298088449,1587021882000,2020-04-16,12:54:42,India Standard Time,18839785,narendramodi,Narendra Modi,,"बच्चों ने खेल-खेल में जो बता दिया, उसमें कोरोना महामारी से बचने की एक बड़ी सीख है। pic.twitter.com/n13Z92zi2W",[],[],[],8451,37352,212842,[],[],https://twitter.com/narendramodi/status/1250686540298088449,False,,1,,,,,,,"[{'user_id': '18839785', 'username': 'narendramodi'}]",,There is a great learning to avoid the corona epidemic in what the children told in the game. pic.twitter.com/n13Z92zi2W,hi,en
1250686490452975616,1250686490452975616,1587021870000,2020-04-16,12:54:30,India Standard Time,18839785,narendramodi,Narendra Modi,,"अद्भुत और प्रेरक मिसाल!

विषम परिस्थितियों में गाड़ोलिया समाज द्वारा किए जा रहे ये नेक कार्य हर भारतवासी को प्रेरित करने वाले हैं। pic.twitter.com/cEcuUd9Z2O",[],[],['https://pbs.twimg.com/media/EVtUpK9UwAA53kW.jpg'],1042,5809,34472,[],[],https://twitter.com/narendramodi/status/1250686490452975616,False,,0,,,,,,,"[{'user_id': '18839785', 'username': 'narendramodi'}]",,"Amazing and inspiring example!

These noble works being done by the Gadolia society in odd circumstances are going to inspire every Indian. pic.twitter.com/cEcuUd9Z2O",hi,en
